BAYVIEW,ASSAULT
BAYVIEW,BURGLARY
BAYVIEW,LARCENY/THEFT
BAYVIEW,MISSING PERSON
BAYVIEW,NON-CRIMINAL
BAYVIEW,OTHER OFFENSES
BAYVIEW,RECOVERED VEHICLE
BAYVIEW,VANDALISM
BAYVIEW,WARRANTS
BAYVIEW,FRAUD
BAYVIEW,TRESPASS
BAYVIEW,DISORDERLY CONDUCT
BAYVIEW,WEAPON LAWS
CENTRAL,ASSAULT
CENTRAL,LARCENY/THEFT
CENTRAL,MISSING PERSON
CENTRAL,NON-CRIMINAL
CENTRAL,OTHER OFFENSES
CENTRAL,SUSPICIOUS OCC
CENTRAL,VANDALISM
CENTRAL,VEHICLE THEFT
CENTRAL,WARRANTS
CENTRAL,ROBBERY
CENTRAL,WEAPON LAWS
INGLESIDE,ASSAULT
INGLESIDE,BURGLARY
INGLESIDE,LARCENY/THEFT
INGLESIDE,NON-CRIMINAL
INGLESIDE,OTHER OFFENSES
INGLESIDE,SUSPICIOUS OCC
INGLESIDE,VANDALISM
INGLESIDE,VEHICLE THEFT
INGLESIDE,TRESPASS
MISSION,ASSAULT
MISSION,BURGLARY
MISSION,LARCENY/THEFT
MISSION,MISSING PERSON
MISSION,NON-CRIMINAL
MISSION,OTHER OFFENSES
MISSION,SECONDARY CODES
MISSION,SUSPICIOUS OCC
MISSION,VANDALISM
MISSION,VEHICLE THEFT
MISSION,WARRANTS
MISSION,FRAUD
MISSION,TRESPASS
MISSION,DRUG/NARCOTIC
MISSION,WEAPON LAWS
MISSION,FORGERY/COUNTERFEITING
NORTHERN,ASSAULT
NORTHERN,BURGLARY
NORTHERN,LARCENY/THEFT
NORTHERN,NON-CRIMINAL
NORTHERN,OTHER OFFENSES
NORTHERN,SECONDARY CODES
NORTHERN,SUSPICIOUS OCC
NORTHERN,VANDALISM
NORTHERN,VEHICLE THEFT
NORTHERN,WARRANTS
NORTHERN,ROBBERY
NORTHERN,DRUG/NARCOTIC
PARK,ASSAULT
PARK,BURGLARY
PARK,LARCENY/THEFT
PARK,NON-CRIMINAL
PARK,OTHER OFFENSES
PARK,VANDALISM
PARK,VEHICLE THEFT
PARK,WARRANTS
RICHMOND,ASSAULT
RICHMOND,LARCENY/THEFT
RICHMOND,MISSING PERSON
RICHMOND,NON-CRIMINAL
RICHMOND,OTHER OFFENSES
RICHMOND,SECONDARY CODES
RICHMOND,SUSPICIOUS OCC
RICHMOND,VANDALISM
RICHMOND,VEHICLE THEFT
RICHMOND,WARRANTS
RICHMOND,DRUG/NARCOTIC
RICHMOND,WEAPON LAWS
SOUTHERN,ASSAULT
SOUTHERN,LARCENY/THEFT
SOUTHERN,MISSING PERSON
SOUTHERN,NON-CRIMINAL
SOUTHERN,OTHER OFFENSES
SOUTHERN,RECOVERED VEHICLE
SOUTHERN,SECONDARY CODES
SOUTHERN,"SEX OFFENSES, FORCIBLE"
SOUTHERN,SUSPICIOUS OCC
SOUTHERN,VANDALISM
SOUTHERN,VEHICLE THEFT
SOUTHERN,WARRANTS
SOUTHERN,ROBBERY
SOUTHERN,TRESPASS
SOUTHERN,DISORDERLY CONDUCT
SOUTHERN,DRUG/NARCOTIC
SOUTHERN,WEAPON LAWS
TARAVAL,BURGLARY
TARAVAL,LARCENY/THEFT
TARAVAL,MISSING PERSON
TARAVAL,NON-CRIMINAL
TARAVAL,OTHER OFFENSES
TARAVAL,SUSPICIOUS OCC
TARAVAL,VANDALISM
TARAVAL,VEHICLE THEFT
TARAVAL,WARRANTS
TARAVAL,FRAUD
TARAVAL,ROBBERY
TARAVAL,TRESPASS
TENDERLOIN,ASSAULT
TENDERLOIN,BURGLARY
TENDERLOIN,LARCENY/THEFT
TENDERLOIN,MISSING PERSON
TENDERLOIN,NON-CRIMINAL
TENDERLOIN,OTHER OFFENSES
TENDERLOIN,VANDALISM
TENDERLOIN,VEHICLE THEFT
